order,category,name,years,level,description
1,Data Engineering,Azure Analysis Services,8,5,
1,Data Engineering,Azure Blob Storage,8,5,
1,Data Engineering,Azure Cosmos DB,5,1,
1,Data Engineering,Azure Data Factory,8,5,
1,Data Engineering,Azure Data Lake Storage,8,5,
1,Data Engineering,Azure Database for MySQL,5,1,
1,Data Engineering,Azure Database for PostgreSQL,5,1,
1,Data Engineering,Azure Databricks,3,5,
1,Data Engineering,Azure Files,5,5,
1,Data Engineering,Azure IoT Hub,5,0.5,
1,Data Engineering,Azure SQL Database,8,5,
1,Data Engineering,Azure SQL Managed Instance,8,3,
1,Data Engineering,Azure Stream Analytics,5,1,
1,Data Engineering,Azure Synapse Analytics,8,5,
1,Data Engineering,Event Hubs,7,1,
1,Data Engineering,Logic Apps,7,1,
1,Data Engineering,MySQL,5,1,
1,Data Engineering,MySQL Workbench,5,1,
1,Data Engineering,Oracle,3,0.5,
1,Data Engineering,pgAdmin,5,1,
1,Data Engineering,pgSQL,5,0.5,
1,Data Engineering,PL/SQL,3,0.5,
1,Data Engineering,PostgreSQL,5,0.5,
1,Data Engineering,Python,7,3,
1,Data Engineering,Spark SQL,3,5,
1,Data Engineering,Spyder,6,2,
1,Data Engineering,SQL Server,10,4,
1,Data Engineering,SQL Server Analysis Services,10,5,
1,Data Engineering,SQL Server Integration Services,10,4,
1,Data Engineering,SQL Server Management Studio,10,5,
1,Data Engineering,SQLite,8,1,
1,Data Engineering,Storage Accounts,8,5,
1,Data Engineering,Storage Explorer,8,4,
1,Data Engineering,T-SQL,10,5,
1,Data Engineering,Visual Studio,10,3,
1,Data Engineering,Visual Studio Code,7,4,
1,Data Engineering,dbt,3,3,
1,Data Engineering,Delta Lake,3,5,
1,Data Engineering,Unity Catalog,3,3,
1,Data Engineering,Data Lakehouse Architectures,3,4,
1,Data Engineering,Data Warehouse Architectures,10,5,
1,Data Engineering,App Service,5,1,
1,Data Engineering,Azure DevOps,3,3,
1,Data Engineering,Azure Functions,5,1,
1,Data Engineering,Azure Pipelines,3,1,
1,Data Engineering,Azure Repos,3,3,
1,Data Engineering,C,10,2,
1,Data Engineering,C#,5,0.5,
1,Data Engineering,C++,10,0.5,
1,Data Engineering,GitHub Copilot,2,3,
1,Data Engineering,HDInsight,7,0.5,
1,Data Engineering,Java,10,0.5,
2,Data Analysis,D365 Finance & Operations,7,4,
2,Data Analysis,Data Catalog,7,0.5,
2,Data Analysis,DAX,10,3,
2,Data Analysis,Dynamics AX,8,4,
2,Data Analysis,Dynamics NAV,10,4,
2,Data Analysis,Event Grid,7,1,
2,Data Analysis,Excel,10,5,
2,Data Analysis,Fabric,3,2,
2,Data Analysis,M,7,4,
2,Data Analysis,Power BI Desktop,10,5,
2,Data Analysis,Power BI Embedded,7,3,
2,Data Analysis,Power BI Paginated Reports,7,4,
2,Data Analysis,Power Pivot,10,5,
2,Data Analysis,Power Query,10,5,
2,Data Analysis,Salesforce,3,3,
2,Data Analysis,SQL Server Reporting Services,10,3,
2,Data Analysis,Toad For Oracle,3,0.5,
2,Data Analysis,VBA,10,2.5,
3,Cloud Engineering,Active Directory,7,3,
3,Cloud Engineering,Automation,8,3.5,
3,Cloud Engineering,Azure Application Gateway,5,0.5,
3,Cloud Engineering,Azure Bastion,5,0.5,
3,Cloud Engineering,Azure Database Migration Service,5,1,
3,Cloud Engineering,Azure DNS,5,3,
3,Cloud Engineering,Azure ExpressRoute,5,0.5,
3,Cloud Engineering,Azure Firewall,5,0.5,
3,Cloud Engineering,Azure IAM & RBAC,5,5,
3,Cloud Engineering,Azure Key Vault,8,4,
3,Cloud Engineering,Azure Load Balancer,5,2,
3,Cloud Engineering,Azure Migrate,5,0.5,
3,Cloud Engineering,Azure Private Link,5,3,
3,Cloud Engineering,Azure Virtual Desktop,5,0.5,
3,Cloud Engineering,Azure Virtual Network,5,3,
3,Cloud Engineering,Azure VPN Gateway,5,1.5,
3,Cloud Engineering,Azure Web Application Firewall,5,0.5,
3,Cloud Engineering,Bash,8,3,
3,Cloud Engineering,Cloud Shell,8,3,
3,Cloud Engineering,IBM Cognos Analytics,3,3,
3,Cloud Engineering,Microsoft Azure portal,8,5,
3,Cloud Engineering,Microsoft Cost Management,8,5,
3,Cloud Engineering,Microsoft Defender for Cloud,5,1,
3,Cloud Engineering,Microsoft Entra Domain Services,5,3,
3,Cloud Engineering,Microsoft Entra ID (formerly Azure AD),5,4,
3,Cloud Engineering,Microsoft Purview,5,0.5,
3,Cloud Engineering,Power BI Premium,8,5,
3,Cloud Engineering,Power BI Report Server,10,5,
3,Cloud Engineering,Power BI Service,10,5,
3,Cloud Engineering,PowerShell,7,3,
3,Cloud Engineering,Virtual Machines,7,3,
3,Cloud Engineering,Windows Server,8,3,
4,Data Science,Deep Learning ,7,3,
4,Data Science,Generative AI,2,2.5,
4,Data Science,Machine Learning,10,4,
4,Data Science,MATLAB,10,2,
4,Data Science,R,10,4,
4,Data Science,R Server,10,3,
4,Data Science,Rstudio,10,5,
4,Data Science,Shiny Server,8,2,
4,Data Science,Supervised Machine Learning,10,4,
4,Data Science,Unsupervised Machine Learning,10,5,
4,Data Science,Deep Learning ,7,3,
4,Data Science,Azure Machine Learning,8,3,
5,AI Engineering,Azure AI Services,7,3,
5,AI Engineering,Microsoft AI Foundry,2,2,
5,AI Engineering,Ollama ,2,2,
5,AI Engineering,Hugging Face,2,1,
5,AI Engineering,Vector DB,2,1,
